year,classification,hs_or_sitc_code,commodity,reporter,flow,qty,qty_unit_code,net_weight_kg,value_usd
1988,HS,TOTAL,all_commodities,AUS,X,,-1,,8174204709.0
1988,HS,TOTAL,all_commodities,JPN,M,,-1,,10284713254.0
1989,HS,TOTAL,all_commodities,AUS,X,,-1,,9043910419.0
1989,HS,TOTAL,all_commodities,JPN,M,,-1,,11610319488.0
1990,HS,TOTAL,all_commodities,AUS,X,,-1,,9814552469.0
1990,HS,TOTAL,all_commodities,JPN,M,,-1,,12391026133.0
1991,HS,TOTAL,all_commodities,AUS,X,,-1,,10929548486.0
1991,HS,TOTAL,all_commodities,JPN,M,,-1,,13016152760.0
1992,HS,TOTAL,all_commodities,AUS,X,,-1,,10125281736.0
1992,HS,TOTAL,all_commodities,JPN,M,,-1,,12445488333.0
1993,HS,TOTAL,all_commodities,AUS,X,,-1,,9846658481.0
1993,HS,TOTAL,all_commodities,JPN,M,,-1,,12216769517.0
1994,HS,TOTAL,all_commodities,AUS,X,,-1,,10921610398.0
1994,HS,TOTAL,all_commodities,JPN,M,,-1,,13641648390.0
1995,HS,TOTAL,all_commodities,AUS,X,,-1,,10731914788.0
1995,HS,TOTAL,all_commodities,JPN,M,,-1,,14558427019.0
1996,HS,TOTAL,all_commodities,AUS,X,,-1,,10097623801.0
1996,HS,TOTAL,all_commodities,JPN,M,,-1,,14229449081.0
1997,HS,TOTAL,all_commodities,AUS,X,,-1,,10281915620.0
1997,HS,TOTAL,all_commodities,JPN,M,,-1,,14588200775.0
1998,HS,TOTAL,all_commodities,AUS,X,0.0,-1,,10924461334.0
1998,HS,TOTAL,all_commodities,JPN,M,,-1,,13014272663.0
1999,HS,TOTAL,all_commodities,AUS,X,,-1,,9069322835.0
1999,HS,TOTAL,all_commodities,JPN,M,,-1,,12806522174.0
2000,HS,TOTAL,all_commodities,AUS,X,,-1,,12600200044.0
2000,HS,TOTAL,all_commodities,JPN,M,,-1,,14802219263.0
2001,HS,TOTAL,all_commodities,AUS,X,,-1,,12255376776.0
2001,HS,TOTAL,all_commodities,JPN,M,,-1,,14459593823.0
2002,HS,TOTAL,all_commodities,AUS,X,,-1,,12064745591.0
2002,HS,TOTAL,all_commodities,JPN,M,,-1,,14018216836.0
2003,HS,TOTAL,all_commodities,AUS,X,,-1,,12820286554.0
2003,HS,TOTAL,all_commodities,JPN,M,,-1,,15079352612.0
2004,HS,TOTAL,all_commodities,AUS,X,,-1,,16314188927.0
2004,HS,TOTAL,all_commodities,JPN,M,,-1,,19454411134.0
2005,HS,TOTAL,all_commodities,AUS,X,,-1,,21703963590.0
2005,HS,TOTAL,all_commodities,JPN,M,,-1,,24513204866.0
2006,HS,TOTAL,all_commodities,AUS,X,,-1,,24446819837.0
2006,HS,TOTAL,all_commodities,JPN,M,,-1,,27927415055.0
2007,HS,TOTAL,all_commodities,AUS,X,,-1,,26801195515.0
2007,HS,TOTAL,all_commodities,JPN,M,,-1,,31252148401.0
2008,HS,TOTAL,all_commodities,AUS,X,,-1,,42731584689.0
2008,HS,TOTAL,all_commodities,JPN,M,,-1,,47531823339.0
2009,HS,TOTAL,all_commodities,AUS,X,,-1,,30014166312.0
2009,HS,TOTAL,all_commodities,JPN,M,,-1,,34751479227.0
2010,HS,TOTAL,all_commodities,AUS,X,,-1,,40088026972.0
2010,HS,TOTAL,all_commodities,JPN,M,,-1,,45096684248.0
2011,HS,TOTAL,all_commodities,AUS,X,,-1,,52088075596.0
2011,HS,TOTAL,all_commodities,JPN,M,,-1,,56688392609.0
2012,HS,TOTAL,all_commodities,AUS,X,,-1,,49680326911.0
2012,HS,TOTAL,all_commodities,JPN,M,,-1,,56449991809.0
2013,HS,TOTAL,all_commodities,AUS,X,,-1,,31251833517.0
2013,HS,TOTAL,all_commodities,JPN,M,,-1,,51026036092.0
2014,HS,TOTAL,all_commodities,AUS,X,,-1,,43135786659.0
2014,HS,TOTAL,all_commodities,JPN,M,,-1,,48117721953.0
2015,HS,TOTAL,all_commodities,AUS,X,,-1,,29826962032.0
2015,HS,TOTAL,all_commodities,JPN,M,,-1,,34791622271.0
2016,HS,TOTAL,all_commodities,AUS,X,,-1,,26344514675.0
2016,HS,TOTAL,all_commodities,JPN,M,,-1,,30432596105.0
2017,HS,TOTAL,all_commodities,AUS,X,0.0,-1,0.0,24179668817.757
2017,HS,TOTAL,all_commodities,JPN,M,0.0,-1,0.0,38908730109.943
2018,HS,TOTAL,all_commodities,AUS,X,0.0,-1,0.0,26582378937.113
2018,HS,TOTAL,all_commodities,JPN,M,0.0,-1,0.0,45731434968.503
2019,HS,TOTAL,all_commodities,AUS,X,0.0,-1,0.0,24446793853.692
2019,HS,TOTAL,all_commodities,JPN,M,0.0,-1,0.0,45481319121.4
2020,HS,TOTAL,all_commodities,AUS,X,0.0,-1,0.0,22654468097.739
2020,HS,TOTAL,all_commodities,JPN,M,0.0,-1,0.0,35790723788.284
2021,HS,TOTAL,all_commodities,AUS,X,0.0,-1,0.0,30319468420.375
2021,HS,TOTAL,all_commodities,JPN,M,0.0,-1,0.0,52241209731.765
2022,HS,TOTAL,all_commodities,AUS,X,0.0,-1,0.0,52518468579.657
2022,HS,TOTAL,all_commodities,JPN,M,0.0,-1,0.0,88400517153.076
2023,HS,TOTAL,all_commodities,AUS,X,0.0,-1,0.0,36190353028.187
2023,HS,TOTAL,all_commodities,JPN,M,0.0,-1,0.0,64535237942.036
2024,HS,TOTAL,all_commodities,AUS,X,0.0,-1,0.0,30623985628.119
2024,HS,TOTAL,all_commodities,JPN,M,0.0,-1,0.0,52854044085.632
1988,HS,2701,coal,AUS,X,49776488421.0,8,49776488421.0,1845109808.0
1988,HS,2701,coal,JPN,M,49587821000.0,8,49587821000.0,2301461172.0
1989,HS,2701,coal,AUS,X,54197994249.0,8,54197994249.0,2233857706.0
1989,HS,2701,coal,JPN,M,53193746000.0,8,53193746000.0,2762095379.0
1990,HS,2701,coal,AUS,X,57180113687.0,8,57180113687.0,2436932749.0
1990,HS,2701,coal,JPN,M,55736019000.0,8,55736019000.0,3018768125.0
1991,HS,2701,coal,AUS,X,61117229312.0,8,61117229312.0,2677850963.0
1991,HS,2701,coal,JPN,M,59636444000.0,8,59636444000.0,3216948916.0
1992,HS,2701,coal,AUS,X,61272498812.0,8,61272498812.0,2600363591.0
1992,HS,2701,coal,JPN,M,,-1,60432312000.0,3126932261.0
1993,HS,2701,coal,AUS,X,64084167312.0,8,64084167312.0,2535946892.0
1993,HS,2701,coal,JPN,M,63401719000.0,8,63401719000.0,3125422052.0
1994,HS,2701,coal,AUS,X,63459356000.0,8,63459356000.0,2329360846.0
1994,HS,2701,coal,JPN,M,63395472000.0,8,63395472000.0,2948158715.0
1995,HS,2701,coal,AUS,X,59249345375.0,8,59249345375.0,2345892608.0
1995,HS,2701,coal,JPN,M,64995609000.0,8,64995609000.0,3271757830.0
1996,HS,2701,coal,AUS,X,65534801250.0,8,65534801250.0,2775852961.0
1996,HS,2701,coal,JPN,M,65350904000.0,8,65350904000.0,3414635429.0
1997,HS,2701,coal,AUS,X,73122000437.0,8,73122000437.0,2936782591.0
1997,HS,2701,coal,JPN,M,71517993000.0,8,71517993000.0,3524980622.0
1998,HS,2701,coal,AUS,X,71507034112.0,8,71507034112.0,2605647616.0
1998,HS,2701,coal,JPN,M,71462351000.0,8,71462351000.0,3223761260.0
1999,HS,2701,coal,AUS,X,79719335812.0,8,79719335812.0,2441659441.0
1999,HS,2701,coal,JPN,M,79953959000.0,8,79953959000.0,3113886092.0
2000,HS,2701,coal,AUS,X,87770420067.0,8,87770420067.0,2457077213.0
2000,HS,2701,coal,JPN,M,86541129000.0,8,86541129000.0,3189893392.0
2001,HS,2701,coal,AUS,X,92332022121.0,8,92332022121.0,2944659581.0
2001,HS,2701,coal,JPN,M,91354403000.0,8,91354403000.0,3646874312.0
2002,HS,2701,coal,AUS,X,91844219000.0,8,91844219000.0,2988775737.0
2002,HS,2701,coal,JPN,M,90573700000.0,8,90573700000.0,3660593648.0
2003,HS,2701,coal,AUS,X,95681270430.0,8,95681270430.0,2911888591.0
2003,HS,2701,coal,JPN,M,94883309000.0,8,94883309000.0,3697291222.0
2004,HS,2701,coal,AUS,X,102217622259.0,8,102217622259.0,4233001222.0
2004,HS,2701,coal,JPN,M,102546657000.0,8,102546657000.0,5436362233.0
2005,HS,2701,coal,AUS,X,105160016599.0,8,105160016599.0,6875805731.0
2005,HS,2701,coal,JPN,M,103728275744.0,8,103728275744.0,7966117775.0
2006,HS,2701,coal,AUS,X,103588297000.0,8,103588297000.0,7232019439.0
2006,HS,2701,coal,JPN,M,103223234276.0,8,103223234276.0,8485789309.0
2007,HS,2701,coal,AUS,X,114994728650.0,8,114994728650.0,7556444797.0
2007,HS,2701,coal,JPN,M,113355016680.0,8,113355016680.0,9249240723.0
2008,HS,2701,coal,AUS,X,118155001360.0,8,118155001360.0,17232657966.0
2008,HS,2701,coal,JPN,M,,-1,117736976512.0,18644605266.0
2009,HS,2701,coal,AUS,X,101532580855.0,8,101532580855.0,12449673278.0
2009,HS,2701,coal,JPN,M,102911287496.0,8,102911287496.0,14719517977.0
2010,HS,2701,coal,AUS,X,118104621640.0,8,118104621640.0,13647471493.0
2010,HS,2701,coal,JPN,M,117496396304.0,8,117496396304.0,15669497395.0
2011,HS,2701,coal,AUS,X,106383608372.0,8,106383608372.0,17168627358.0
2011,HS,2701,coal,JPN,M,104832356736.0,8,104832356736.0,18944331383.0
2012,HS,2701,coal,AUS,X,113949321000.0,8,113949321000.0,15487647074.0
2012,HS,2701,coal,JPN,M,114767602320.0,8,114767602320.0,18247334870.0
2013,HS,2701,coal,AUS,X,124566843900.0,8,124566843900.0,13205527747.0
2013,HS,2701,coal,JPN,M,121781060672.0,8,121781060672.0,15155970893.0
2014,HS,2701,coal,AUS,X,119749649335.0,8,119749649335.0,10731598886.0
2014,HS,2701,coal,JPN,M,119139628896.0,8,119139628896.0,12690323902.0
2015,HS,2701,coal,AUS,X,125676181907.0,8,125676181907.0,9186758527.0
2015,HS,2701,coal,JPN,M,124004753760.0,8,124004753760.0,10697462611.0
2016,HS,2701,coal,AUS,X,121869810600.0,8,121869810600.0,8687165432.0
2016,HS,2701,coal,JPN,M,121493180544.0,8,121493180544.0,9854479128.0
2017,HS,2701,coal,AUS,X,117443310000.0,8,117443310000.0,12652188786.347
2017,HS,2701,coal,JPN,M,119128339000.0,8,119128339000.0,14284594730.294
2018,HS,2701,coal,AUS,X,116733700000.0,8,116733700000.0,14190683383.262
2018,HS,2701,coal,JPN,M,116068195000.0,8,116068195000.0,15677625351.485
2019,HS,2701,coal,AUS,X,110153052500.0,8,110153052500.0,11818998511.988
2019,HS,2701,coal,JPN,M,109264433000.0,8,109264433000.0,13635114129.806
2020,HS,2701,coal,AUS,X,104231000000.0,8,104231000000.0,8119168700.802
2020,HS,2701,coal,JPN,M,103488758000.0,8,103488758000.0,9604885060.26
2021,HS,2701,coal,AUS,X,120146062500.0,8,120146062500.0,15216105276.599
2021,HS,2701,coal,JPN,M,119456387000.0,8,119456387000.0,16885975694.02
2022,HS,2701,coal,AUS,X,126197702000.0,8,126197702000.0,39467109847.221
2022,HS,2701,coal,JPN,M,121542330000.0,8,121542330000.0,39939186406.522
2023,HS,2701,coal,AUS,X,106905300000.0,8,106905300000.0,23479548066.439
2023,HS,2701,coal,JPN,M,107119343000.0,8,107119343000.0,27096281451.901
2024,HS,2701,coal,AUS,X,110373500000.0,8,110373500000.0,17953176430.492
2024,HS,2701,coal,JPN,M,108239917000.0,8,108239917000.0,19677276091.148
1988,HS,2704,coke_semi_coke,AUS,X,65079089.0,8,65079089.0,4933783.0
1988,HS,2704,coke_semi_coke,JPN,M,66265000.0,8,66265000.0,8992248.0
1989,HS,2704,coke_semi_coke,AUS,X,110318062.0,8,110318062.0,10868084.0
1989,HS,2704,coke_semi_coke,JPN,M,145992000.0,8,145992000.0,18001870.0
1990,HS,2704,coke_semi_coke,AUS,X,176775937.0,8,176775937.0,17850255.0
1990,HS,2704,coke_semi_coke,JPN,M,123920000.0,8,123920000.0,15426630.0
1991,HS,2704,coke_semi_coke,AUS,X,120312812.0,8,120312812.0,13167860.0
1991,HS,2704,coke_semi_coke,JPN,M,153850000.0,8,153850000.0,20017619.0
1992,HS,2704,coke_semi_coke,AUS,X,50059445.0,8,50059445.0,6428680.0
1992,HS,2704,coke_semi_coke,JPN,M,56553000.0,8,56553000.0,8452966.0
1993,HS,2704,coke_semi_coke,AUS,X,62558675.0,8,62558675.0,7127591.0
1993,HS,2704,coke_semi_coke,JPN,M,56770000.0,8,56770000.0,8168117.0
1994,HS,2704,coke_semi_coke,AUS,X,56498625.0,8,56498625.0,5922855.0
1994,HS,2704,coke_semi_coke,JPN,M,42943000.0,8,42943000.0,5834894.0
1995,HS,2704,coke_semi_coke,AUS,X,49723039.0,8,49723039.0,5880776.0
1995,HS,2704,coke_semi_coke,JPN,M,48159000.0,8,48159000.0,6650688.0
1996,HS,2704,coke_semi_coke,AUS,X,86453187.0,8,86453187.0,9033001.0
1996,HS,2704,coke_semi_coke,JPN,M,85654000.0,8,85654000.0,10920628.0
1997,HS,2704,coke_semi_coke,AUS,X,99832812.0,8,99832812.0,8742585.0
1997,HS,2704,coke_semi_coke,JPN,M,92656000.0,8,92656000.0,10161867.0
1998,HS,2704,coke_semi_coke,AUS,X,0.0,-1,,2536050.0
1998,HS,2704,coke_semi_coke,JPN,M,25663000.0,8,25663000.0,3413079.0
1999,HS,2704,coke_semi_coke,AUS,X,0.0,-1,,1342635.0
1999,HS,2704,coke_semi_coke,JPN,M,12692000.0,8,12692000.0,1755571.0
2000,HS,2704,coke_semi_coke,AUS,X,2596368.0,8,2596368.0,226536.0
2000,HS,2704,coke_semi_coke,JPN,M,2252000.0,8,2252000.0,325603.0
2001,HS,2704,coke_semi_coke,AUS,X,17263686.0,8,17263686.0,555614.0
2001,HS,2704,coke_semi_coke,JPN,M,2162000.0,8,2162000.0,327053.0
2002,HS,2704,coke_semi_coke,AUS,X,3164922.0,8,3164922.0,233311.0
2002,HS,2704,coke_semi_coke,JPN,M,16707000.0,8,16707000.0,1001218.0
2003,HS,2704,coke_semi_coke,AUS,X,10730271.0,8,10730271.0,1151308.0
2003,HS,2704,coke_semi_coke,JPN,M,11005000.0,8,11005000.0,1505889.0
2004,HS,2704,coke_semi_coke,AUS,X,66427294.0,8,66427294.0,15105689.0
2004,HS,2704,coke_semi_coke,JPN,M,103214000.0,8,103214000.0,20520681.0
2005,HS,2704,coke_semi_coke,AUS,X,75510699.0,8,75510699.0,17171272.0
2005,HS,2704,coke_semi_coke,JPN,M,76096000.0,8,76096000.0,19806691.0
2006,HS,2704,coke_semi_coke,AUS,X,31215673.0,8,31215673.0,7098501.0
2006,HS,2704,coke_semi_coke,JPN,M,36969000.0,8,36969000.0,8834221.0
2007,HS,2704,coke_semi_coke,AUS,X,62359581.0,8,62359581.0,9759274.0
2007,HS,2704,coke_semi_coke,JPN,M,47850180.0,8,47850180.0,10266694.0
2008,HS,2704,coke_semi_coke,AUS,X,206690325.0,8,206690325.0,37015970.0
2008,HS,2704,coke_semi_coke,JPN,M,75884000.0,8,75884000.0,39531910.0
2009,HS,2704,coke_semi_coke,AUS,X,51882629.0,8,51882629.0,18925247.0
2009,HS,2704,coke_semi_coke,JPN,M,85521000.0,8,85521000.0,30892698.0
2010,HS,2704,coke_semi_coke,AUS,X,211186304.0,8,211186304.0,54372370.0
2010,HS,2704,coke_semi_coke,JPN,M,140539008.0,8,140539008.0,58451416.0
2011,HS,2704,coke_semi_coke,AUS,X,175156810.0,8,175156810.0,58288812.0
2011,HS,2704,coke_semi_coke,JPN,M,96832000.0,8,96832000.0,51763268.0
2012,HS,2704,coke_semi_coke,AUS,X,,-1,,127913641.0
2012,HS,2704,coke_semi_coke,JPN,M,378433984.0,8,378433984.0,153204374.0
2013,HS,2704,coke_semi_coke,AUS,X,260982551.0,8,260982551.0,86228314.0
2013,HS,2704,coke_semi_coke,JPN,M,386496992.0,8,386496992.0,126126071.0
2014,HS,2704,coke_semi_coke,AUS,X,534172398.0,8,534172398.0,141435571.0
2014,HS,2704,coke_semi_coke,JPN,M,577126976.0,8,577126976.0,154480780.0
2015,HS,2704,coke_semi_coke,AUS,X,69423725.0,8,69423725.0,17651604.0
2015,HS,2704,coke_semi_coke,JPN,M,329014016.0,8,329014016.0,72606694.0
2016,HS,2704,coke_semi_coke,JPN,M,73208000.0,8,73208000.0,14258858.0
2022,HS,2704,coke_semi_coke,JPN,M,22000000.0,8,22000000.0,16869872.927
2023,HS,2704,coke_semi_coke,AUS,X,25000000.0,8,25000000.0,16508587.886
2023,HS,2704,coke_semi_coke,JPN,M,74988185.704,8,74988185.704,32448258.202
2024,HS,2704,coke_semi_coke,AUS,X,69190000.0,8,69190000.0,32202892.458
2024,HS,2704,coke_semi_coke,JPN,M,45026000.0,8,45026000.0,21015310.755
1988,HS,2601,iron_ore,AUS,X,42025979757.0,8,42025979757.0,604790103.0
1988,HS,2601,iron_ore,JPN,M,52415696000.0,8,52415696000.0,1120201508.0
1989,HS,2601,iron_ore,AUS,X,57076028444.0,8,57076028444.0,877066996.0
1989,HS,2601,iron_ore,JPN,M,56275433000.0,8,56275433000.0,1267229456.0
1990,HS,2601,iron_ore,AUS,X,53736644222.0,8,53736644222.0,946559332.0
1990,HS,2601,iron_ore,JPN,M,53852628000.0,8,53852628000.0,1321585315.0
1991,HS,2601,iron_ore,AUS,X,59814321125.0,8,59814321125.0,1166999831.0
1991,HS,2601,iron_ore,JPN,M,58353791000.0,8,58353791000.0,1526146102.0
1992,HS,2601,iron_ore,AUS,X,53018146937.0,8,53018146937.0,1001957375.0
1992,HS,2601,iron_ore,JPN,M,,-1,52068811000.0,1315328421.0
1993,HS,2601,iron_ore,AUS,X,54894792937.0,8,54894792937.0,942839214.0
1993,HS,2601,iron_ore,JPN,M,53473124000.0,8,53473124000.0,1272555075.0
1994,HS,2601,iron_ore,AUS,X,57875443500.0,8,57875443500.0,892439398.0
1994,HS,2601,iron_ore,JPN,M,55409205000.0,8,55409205000.0,1229349789.0
1995,HS,2601,iron_ore,AUS,X,60869257562.0,8,60869257562.0,961018428.0
1995,HS,2601,iron_ore,JPN,M,58727456000.0,8,58727456000.0,1356339797.0
1996,HS,2601,iron_ore,AUS,X,61334802500.0,8,61334802500.0,1026974431.0
1996,HS,2601,iron_ore,JPN,M,59527894000.0,8,59527894000.0,1383402857.0
1997,HS,2601,iron_ore,AUS,X,68271281625.0,8,68271281625.0,1174743533.0
1997,HS,2601,iron_ore,JPN,M,65016123000.0,8,65016123000.0,1496951444.0
1998,HS,2601,iron_ore,AUS,X,64530051072.0,8,64530051072.0,1123523840.0
1998,HS,2601,iron_ore,JPN,M,63649094000.0,8,63649094000.0,1453250061.0
1999,HS,2601,iron_ore,AUS,X,68053534375.0,8,68053534375.0,1076093709.0
1999,HS,2601,iron_ore,JPN,M,66122702000.0,8,66122702000.0,1413540348.0
2000,HS,2601,iron_ore,AUS,X,72798589072.0,8,72798589072.0,1133776557.0
2000,HS,2601,iron_ore,JPN,M,70975411000.0,8,70975411000.0,1532766150.0
2001,HS,2601,iron_ore,AUS,X,71432459367.0,8,71432459367.0,1155188562.0
2001,HS,2601,iron_ore,JPN,M,70022399000.0,8,70022399000.0,1519307958.0
2002,HS,2601,iron_ore,AUS,X,75378411591.0,8,75378411591.0,1182510583.0
2002,HS,2601,iron_ore,JPN,M,74280420000.0,8,74280420000.0,1576827521.0
2003,HS,2601,iron_ore,AUS,X,80645801000.0,8,80645801000.0,1299418380.0
2003,HS,2601,iron_ore,JPN,M,80259620000.0,8,80259620000.0,1810752623.0
2004,HS,2601,iron_ore,AUS,X,85913066000.0,8,85913066000.0,1655482114.0
2004,HS,2601,iron_ore,JPN,M,85440650000.0,8,85440650000.0,2240029969.0
2005,HS,2601,iron_ore,AUS,X,81838015000.0,8,81838015000.0,2530705350.0
2005,HS,2601,iron_ore,JPN,M,81296310272.0,8,81296310272.0,3069978259.0
2006,HS,2601,iron_ore,AUS,X,79501285000.0,8,79501285000.0,3173521227.0
2006,HS,2601,iron_ore,JPN,M,79921256144.0,8,79921256144.0,3806670699.0
2007,HS,2601,iron_ore,AUS,X,83047895000.0,8,83047895000.0,3790573936.0
2007,HS,2601,iron_ore,JPN,M,,-1,83242090496.0,4625137599.0
2008,HS,2601,iron_ore,AUS,X,82413059000.0,8,82413059000.0,6222010336.0
2008,HS,2601,iron_ore,JPN,M,82192236544.0,8,82192236544.0,6990843506.0
2009,HS,2601,iron_ore,AUS,X,63826170000.0,8,63826170000.0,3964517382.0
2009,HS,2601,iron_ore,JPN,M,64541065216.0,8,64541065216.0,4764068919.0
2010,HS,2601,iron_ore,AUS,X,81100418000.0,8,81100418000.0,7910208012.0
2010,HS,2601,iron_ore,JPN,M,79557705728.0,8,79557705728.0,8547319703.0
2011,HS,2601,iron_ore,AUS,X,80077887000.0,8,80077887000.0,11623528973.0
2011,HS,2601,iron_ore,JPN,M,80214540288.0,8,80214540288.0,12572329788.0
2012,HS,2601,iron_ore,AUS,X,81113756000.0,8,81113756000.0,9358209876.0
2012,HS,2601,iron_ore,JPN,M,80729907200.0,8,80729907200.0,10823523816.0
2013,HS,2601,iron_ore,AUS,X,84653270749.0,8,84653270749.0,9232745309.0
2013,HS,2601,iron_ore,JPN,M,84002265424.0,8,84002265424.0,10150271777.0
2014,HS,2601,iron_ore,AUS,X,82047976000.0,8,82047976000.0,7608852744.0
2014,HS,2601,iron_ore,JPN,M,82885841728.0,8,82885841728.0,8993473131.0
2015,HS,2601,iron_ore,AUS,X,76484838000.0,8,76484838000.0,3963519042.0
2015,HS,2601,iron_ore,JPN,M,79834906624.0,8,79834906624.0,5148838765.0
2016,HS,2601,iron_ore,AUS,X,78462633000.0,8,78462633000.0,3581024220.0
2016,HS,2601,iron_ore,JPN,M,77388179040.0,8,77388179040.0,4000851958.0
2017,HS,2601,iron_ore,AUS,X,66765200000.0,8,66765200000.0,4284983012.475
2017,HS,2601,iron_ore,JPN,M,72963721000.0,8,72963721000.0,4983336479.582
2018,HS,2601,iron_ore,AUS,X,65468100000.0,8,65468100000.0,3819420031.906
2018,HS,2601,iron_ore,JPN,M,72135956000.0,8,72135956000.0,4625063135.3
2019,HS,2601,iron_ore,AUS,X,61892900000.0,8,61892900000.0,4981523156.442
2019,HS,2601,iron_ore,JPN,M,68519233000.0,8,68519233000.0,5621725439.264
2020,HS,2601,iron_ore,AUS,X,52038700000.0,8,52038700000.0,4566370006.89
2020,HS,2601,iron_ore,JPN,M,57607626000.0,8,57607626000.0,5041673200.331
2021,HS,2601,iron_ore,AUS,X,59391731000.0,8,59391731000.0,8642305311.809
2021,HS,2601,iron_ore,JPN,M,66524854000.0,8,66524854000.0,9964780365.157
2022,HS,2601,iron_ore,AUS,X,57402761000.0,8,57402761000.0,6018124753.075
2022,HS,2601,iron_ore,JPN,M,62772961000.0,8,62772961000.0,7285127051.846
2023,HS,2601,iron_ore,AUS,X,53501754000.0,8,53501754000.0,5245014033.072
2023,HS,2601,iron_ore,JPN,M,57357918000.0,8,57357918000.0,5754236620.779
2024,HS,2601,iron_ore,AUS,X,49986300000.0,8,49986300000.0,4838004466.978
2024,HS,2601,iron_ore,JPN,M,53092452000.0,8,53092452000.0,5583243571.729
1989,HS,271111,lng_liquefied,AUS,X,415293812.0,8,415293812.0,87667826.0
1989,HS,271111,lng_liquefied,JPN,M,670353000.0,8,670353000.0,121424899.0
1990,HS,271111,lng_liquefied,AUS,X,0.0,-1,,392191412.0
1990,HS,271111,lng_liquefied,JPN,M,2906903000.0,8,2906903000.0,512338514.0
1991,HS,271111,lng_liquefied,AUS,X,0.0,-1,,728166493.0
1991,HS,271111,lng_liquefied,JPN,M,3860188000.0,8,3860188000.0,833523151.0
1992,HS,271111,lng_liquefied,AUS,X,0.0,-1,,711867440.0
1992,HS,271111,lng_liquefied,JPN,M,4593574000.0,8,4593574000.0,867690482.0
1993,HS,271111,lng_liquefied,AUS,X,0.0,-1,,674691847.0
1993,HS,271111,lng_liquefied,JPN,M,4876780000.0,8,4876780000.0,892246165.0
1994,HS,271111,lng_liquefied,AUS,X,0.0,-1,,749289343.0
1994,HS,271111,lng_liquefied,JPN,M,5985355000.0,8,5985355000.0,1004621295.0
1995,HS,271111,lng_liquefied,AUS,X,0.0,-1,,562662220.0
1995,HS,271111,lng_liquefied,JPN,M,6823519000.0,8,6823519000.0,1266395358.0
1996,HS,271111,lng_liquefied,JPN,M,7169210000.0,8,7169210000.0,1371050851.0
1997,HS,271111,lng_liquefied,JPN,M,7008540000.0,8,7008540000.0,1465391251.0
1998,HS,271111,lng_liquefied,JPN,M,7228449000.0,8,7228449000.0,1273533405.0
1999,HS,271111,lng_liquefied,JPN,M,7224243000.0,8,7224243000.0,1222709549.0
2000,HS,271111,lng_liquefied,JPN,M,7270254000.0,8,7270254000.0,1689942136.0
2001,HS,271111,lng_liquefied,JPN,M,7495085000.0,8,7495085000.0,1785545879.0
2002,HS,271111,lng_liquefied,JPN,M,7193444000.0,8,7193444000.0,1582154680.0
2003,HS,271111,lng_liquefied,JPN,M,7603920000.0,8,7603920000.0,1856853011.0
2004,HS,271111,lng_liquefied,JPN,M,8161369000.0,8,8161369000.0,2060791118.0
2005,HS,271111,lng_liquefied,JPN,M,10151845888.0,8,10151845888.0,2917024806.0
2006,HS,271111,lng_liquefied,JPN,M,12158541824.0,8,12158541824.0,4058010993.0
2007,HS,271111,lng_liquefied,JPN,M,12073754624.0,8,12073754624.0,4317857500.0
2008,HS,271111,lng_liquefied,JPN,M,11982737408.0,8,11982737408.0,7102162009.0
2009,HS,271111,lng_liquefied,JPN,M,11933321216.0,8,11933321216.0,5482205930.0
2010,HS,271111,lng_liquefied,JPN,M,13277590528.0,8,13277590528.0,8047712550.0
2011,HS,271111,lng_liquefied,JPN,M,13977990144.0,8,13977990144.0,10744375034.0
2012,HS,271111,lng_liquefied,JPN,M,15914605568.0,8,15914605568.0,13093875086.0
2013,HS,271111,lng_liquefied,JPN,M,17918949376.0,8,17918949376.0,13858109320.0
2014,HS,271111,lng_liquefied,JPN,M,18411902976.0,8,18411902976.0,15016432216.0
2015,HS,271111,lng_liquefied,JPN,M,18617407488.0,8,18617407488.0,9748484129.0
2016,HS,271111,lng_liquefied,JPN,M,22416623616.0,8,22416623616.0,8451091541.0
2017,HS,271111,lng_liquefied,JPN,M,25674700000.0,8,25674700000.0,10864454760.588
2018,HS,271111,lng_liquefied,JPN,M,28702300000.0,8,28702300000.0,15185280292.617
2019,HS,271111,lng_liquefied,JPN,M,30116000000.0,8,30116000000.0,16111291014.786
2020,HS,271111,lng_liquefied,JPN,M,29102700000.0,8,29102700000.0,12085270950.302
2021,HS,271111,lng_liquefied,JPN,M,26638900000.0,8,26638900000.0,14040722534.586
2022,HS,271111,lng_liquefied,JPN,M,30750900000.0,8,30750900000.0,27660163312.203
2023,HS,271111,lng_liquefied,JPN,M,27518830000.0,8,27518830000.0,19808733720.791
2024,HS,271111,lng_liquefied,JPN,M,25139840000.0,8,25139840000.0,15965166054.891
1988,HS,2711,natural_gas_lng_gaseous,JPN,M,1166599000.0,8,1166599000.0,180729995.0
1989,HS,2711,natural_gas_lng_gaseous,AUS,X,415293812.0,8,415293812.0,87667826.0
1989,HS,2711,natural_gas_lng_gaseous,JPN,M,1654970000.0,8,1654970000.0,252253954.0
1990,HS,2711,natural_gas_lng_gaseous,AUS,X,0.0,-1,,392191412.0
1990,HS,2711,natural_gas_lng_gaseous,JPN,M,3667026000.0,8,3667026000.0,651779947.0
1991,HS,2711,natural_gas_lng_gaseous,AUS,X,0.0,-1,,728166493.0
1991,HS,2711,natural_gas_lng_gaseous,JPN,M,4489046000.0,8,4489046000.0,960427267.0
1992,HS,2711,natural_gas_lng_gaseous,AUS,X,0.0,-1,,711867440.0
1992,HS,2711,natural_gas_lng_gaseous,JPN,M,,-1,5222846000.0,995213511.0
1993,HS,2711,natural_gas_lng_gaseous,AUS,X,0.0,-1,,698818062.0
1993,HS,2711,natural_gas_lng_gaseous,JPN,M,5416213000.0,8,5416213000.0,989736718.0
1994,HS,2711,natural_gas_lng_gaseous,AUS,X,0.0,-1,,834462801.0
1994,HS,2711,natural_gas_lng_gaseous,JPN,M,6613216000.0,8,6613216000.0,1115387249.0
1995,HS,2711,natural_gas_lng_gaseous,AUS,X,0.0,-1,,666118553.0
1995,HS,2711,natural_gas_lng_gaseous,JPN,M,7365023000.0,8,7365023000.0,1386550597.0
1996,HS,2711,natural_gas_lng_gaseous,AUS,X,0.0,-1,,129491421.0
1996,HS,2711,natural_gas_lng_gaseous,JPN,M,7759075000.0,8,7759075000.0,1502349457.0
1997,HS,2711,natural_gas_lng_gaseous,AUS,X,0.0,-1,,128725841.0
1997,HS,2711,natural_gas_lng_gaseous,JPN,M,7650119000.0,8,7650119000.0,1634922950.0
1998,HS,2711,natural_gas_lng_gaseous,AUS,X,0.0,-1,,108290776.0
1998,HS,2711,natural_gas_lng_gaseous,JPN,M,8005111000.0,8,8005111000.0,1397257388.0
1999,HS,2711,natural_gas_lng_gaseous,AUS,X,0.0,-1,,152453760.0
1999,HS,2711,natural_gas_lng_gaseous,JPN,M,7798558000.0,8,7798558000.0,1347715032.0
2000,HS,2711,natural_gas_lng_gaseous,AUS,X,1199490501.0,8,1199490501.0,353949922.0
2000,HS,2711,natural_gas_lng_gaseous,JPN,M,8262834000.0,8,8262834000.0,2007764437.0
2001,HS,2711,natural_gas_lng_gaseous,AUS,X,1182549880.0,8,1182549880.0,301076580.0
2001,HS,2711,natural_gas_lng_gaseous,JPN,M,,-1,8446695000.0,2068211900.0
2002,HS,2711,natural_gas_lng_gaseous,AUS,X,1485974563.0,8,1485974563.0,357356661.0
2002,HS,2711,natural_gas_lng_gaseous,JPN,M,8077379000.0,8,8077379000.0,1814084728.0
2003,HS,2711,natural_gas_lng_gaseous,AUS,X,1368621734.0,8,1368621734.0,411668404.0
2003,HS,2711,natural_gas_lng_gaseous,JPN,M,,-1,8646350000.0,2200928131.0
2004,HS,2711,natural_gas_lng_gaseous,AUS,X,1140243582.0,8,1140243582.0,392980639.0
2004,HS,2711,natural_gas_lng_gaseous,JPN,M,,-1,9248386000.0,2468975359.0
2005,HS,2711,natural_gas_lng_gaseous,AUS,X,1228870227.0,8,1228870227.0,525205646.0
2005,HS,2711,natural_gas_lng_gaseous,JPN,M,11221701864.0,8,11221701864.0,3414875088.0
2006,HS,2711,natural_gas_lng_gaseous,AUS,X,1008059118.0,8,1008059118.0,523128232.0
2006,HS,2711,natural_gas_lng_gaseous,JPN,M,,-1,13124244824.0,4607519064.0
2007,HS,2711,natural_gas_lng_gaseous,AUS,X,1010951522.0,8,1010951522.0,626635710.0
2007,HS,2711,natural_gas_lng_gaseous,JPN,M,,-1,12988622640.0,4887838164.0
2008,HS,2711,natural_gas_lng_gaseous,AUS,X,720119615.0,8,720119615.0,549258811.0
2008,HS,2711,natural_gas_lng_gaseous,JPN,M,,-1,13162786416.0,8101295460.0
2009,HS,2711,natural_gas_lng_gaseous,AUS,X,1052666119.0,8,1052666119.0,536781464.0
2009,HS,2711,natural_gas_lng_gaseous,JPN,M,,-1,13214111200.0,6144193805.0
2010,HS,2711,natural_gas_lng_gaseous,AUS,X,830148819.0,8,830148819.0,595510919.0
2010,HS,2711,natural_gas_lng_gaseous,JPN,M,,-1,14440736496.0,8902941066.0
2011,HS,2711,natural_gas_lng_gaseous,AUS,X,837049790.0,8,837049790.0,715050587.0
2011,HS,2711,natural_gas_lng_gaseous,JPN,M,,-1,15218820128.0,11875696939.0
2012,HS,2711,natural_gas_lng_gaseous,AUS,X,,-1,791095300.0,705585865.0
2012,HS,2711,natural_gas_lng_gaseous,JPN,M,,-1,17380129552.0,14484074568.0
2013,HS,2711,natural_gas_lng_gaseous,AUS,X,754667150.0,8,754667150.0,631549910.0
2013,HS,2711,natural_gas_lng_gaseous,JPN,M,,-1,19163373384.0,14977295767.0
2014,HS,2711,natural_gas_lng_gaseous,AUS,X,787028119.0,8,787028119.0,662730219.0
2014,HS,2711,natural_gas_lng_gaseous,JPN,M,,-1,19270011992.0,15776503298.0
2015,HS,2711,natural_gas_lng_gaseous,AUS,X,528755350.0,8,528755350.0,237546920.0
2015,HS,2711,natural_gas_lng_gaseous,JPN,M,,-1,19368900572.0,10110473393.0
2016,HS,2711,natural_gas_lng_gaseous,AUS,X,366095750.0,8,366095750.0,125613940.0
2016,HS,2711,natural_gas_lng_gaseous,JPN,M,,-1,23115237303.0,8715519233.0
2017,HS,2711,natural_gas_lng_gaseous,AUS,X,496940400.0,8,496940400.0,218573924.686
2017,HS,2711,natural_gas_lng_gaseous,JPN,M,26091321000.0,8,26091321000.0,11069722422.991
2018,HS,2711,natural_gas_lng_gaseous,AUS,X,462997000.0,8,462997000.0,268549146.055
2018,HS,2711,natural_gas_lng_gaseous,JPN,M,29192986000.0,8,29192986000.0,15474484703.376
2019,HS,2711,natural_gas_lng_gaseous,AUS,X,6000000.0,8,6000000.0,4418802.181
2019,HS,2711,natural_gas_lng_gaseous,JPN,M,30949203000.0,8,30949203000.0,16497143362.527
2020,HS,2711,natural_gas_lng_gaseous,AUS,X,3000000.0,8,3000000.0,2078321.378
2020,HS,2711,natural_gas_lng_gaseous,JPN,M,30125481000.0,8,30125481000.0,12494706872.954
2021,HS,2711,natural_gas_lng_gaseous,AUS,X,4280.0,8,4280.0,54442.367
2021,HS,2711,natural_gas_lng_gaseous,JPN,M,27496803000.0,8,27496803000.0,14640798179.052
2022,HS,2711,natural_gas_lng_gaseous,AUS,X,3259670.0,8,3259670.0,1751143.952
2022,HS,2711,natural_gas_lng_gaseous,JPN,M,31943930000.0,8,31943930000.0,28573848351.64
2023,HS,2711,natural_gas_lng_gaseous,AUS,X,1304675180.0,8,1304675180.0,745745674.62
2023,HS,2711,natural_gas_lng_gaseous,JPN,M,28832307654.478,8,28832307654.478,20626085418.902
2024,HS,2711,natural_gas_lng_gaseous,AUS,X,1058810330.0,8,1058810330.0,632279868.292
2024,HS,2711,natural_gas_lng_gaseous,JPN,M,26207574000.0,8,26207574000.0,16656641234.523
1962,S1,TOTAL,all_commodities,JPN,M,,-1,,435548832.0
1963,S1,TOTAL,all_commodities,AUS,X,,-1,,483277184.0
1963,S1,TOTAL,all_commodities,JPN,M,,-1,,514362752.0
1964,S1,TOTAL,all_commodities,AUS,X,,-1,,527426048.0
1964,S1,TOTAL,all_commodities,JPN,M,,-1,,581828672.0
1965,S1,TOTAL,all_commodities,AUS,X,,-1,,494375104.0
1965,S1,TOTAL,all_commodities,JPN,M,,-1,,552140032.0
1966,S1,TOTAL,all_commodities,AUS,X,,-1,,588173056.0
1966,S1,TOTAL,all_commodities,JPN,M,,-1,,679677248.0
1967,S1,TOTAL,all_commodities,AUS,X,0.0,-1,,695806510.0
1967,S1,TOTAL,all_commodities,JPN,M,,-1,,792452935.0
1968,S1,TOTAL,all_commodities,AUS,X,0.0,-1,,797092545.0
1968,S1,TOTAL,all_commodities,JPN,M,,-1,,921362472.0
1969,S1,TOTAL,all_commodities,AUS,X,0.0,-1,,1056430487.0
1969,S1,TOTAL,all_commodities,JPN,M,,-1,,1243471232.0
1970,S1,TOTAL,all_commodities,AUS,X,0.0,-1,,1247861908.0
1970,S1,TOTAL,all_commodities,JPN,M,,-1,,1507805568.0
1971,S1,TOTAL,all_commodities,AUS,X,0.0,-1,,1443012633.0
1971,S1,TOTAL,all_commodities,JPN,M,,-1,,1749050368.0
1972,S1,TOTAL,all_commodities,AUS,X,0.0,-1,,1833908188.0
1972,S1,TOTAL,all_commodities,JPN,M,,-1,,2205154048.0
1973,S1,TOTAL,all_commodities,AUS,X,0.0,-1,,3087855142.0
1973,S1,TOTAL,all_commodities,JPN,M,,-1,,3496933732.0
1974,S1,TOTAL,all_commodities,AUS,X,0.0,-1,,3188158802.0
1974,S1,TOTAL,all_commodities,JPN,M,,-1,,4029929368.0
1975,S1,TOTAL,all_commodities,AUS,X,0.0,-1,,3551531773.0
1975,S1,TOTAL,all_commodities,JPN,M,,-1,,4160338178.0
1976,S1,TOTAL,all_commodities,AUS,X,0.0,-1,,4466728244.0
1976,S1,TOTAL,all_commodities,JPN,M,,-1,,5358030336.0
1977,S1,TOTAL,all_commodities,AUS,X,0.0,-1,,4403198134.0
1977,S1,TOTAL,all_commodities,JPN,M,,-1,,5285007360.0
1978,S1,TOTAL,all_commodities,AUS,X,0.0,-1,,4391887639.0
1978,S1,TOTAL,all_commodities,JPN,M,,-1,,5298828288.0
1979,S1,TOTAL,all_commodities,AUS,X,0.0,-1,,5202323123.0
1979,S1,TOTAL,all_commodities,JPN,M,,-1,,6297591296.0
1962,S1,321,coal_coke_briquettes,JPN,M,2862276096.0,8,2862276096.0,41002976.0
1963,S1,321,coal_coke_briquettes,AUS,X,0.0,-1,,26929096.0
1963,S1,321,coal_coke_briquettes,JPN,M,2898637056.0,8,2898637056.0,40725940.0
1964,S1,321,coal_coke_briquettes,AUS,X,0.0,-1,,42859036.0
1964,S1,321,coal_coke_briquettes,JPN,M,4356168192.0,8,4356168192.0,58394872.0
1965,S1,321,coal_coke_briquettes,AUS,X,0.0,-1,,64273340.0
1965,S1,321,coal_coke_briquettes,JPN,M,6636115968.0,8,6636115968.0,89130000.0
1966,S1,321,coal_coke_briquettes,AUS,X,7876924416.0,8,7876924416.0,69998984.0
1966,S1,321,coal_coke_briquettes,JPN,M,8057425920.0,8,8057425920.0,106366336.0
1967,S1,321,coal_coke_briquettes,AUS,X,9079143409.0,8,9079143409.0,83059127.0
1967,S1,321,coal_coke_briquettes,JPN,M,9110670000.0,8,9110670000.0,118656804.0
1968,S1,321,coal_coke_briquettes,AUS,X,12038128897.0,8,12038128897.0,112453710.0
1968,S1,321,coal_coke_briquettes,JPN,M,12093900000.0,8,12093900000.0,156768007.0
1969,S1,321,coal_coke_briquettes,AUS,X,15796269062.0,8,15796269062.0,157513041.0
1969,S1,321,coal_coke_briquettes,JPN,M,15700752384.0,8,15700752384.0,211742912.0
1970,S1,321,coal_coke_briquettes,AUS,X,16646142784.0,8,16646142784.0,183427258.0
1970,S1,321,coal_coke_briquettes,JPN,M,16551491584.0,8,16551491584.0,248847488.0
1971,S1,321,coal_coke_briquettes,AUS,X,16670060616.0,8,16670060616.0,203816966.0
1971,S1,321,coal_coke_briquettes,JPN,M,16648353792.0,8,16648353792.0,265271264.0
1972,S1,321,coal_coke_briquettes,AUS,X,20302942132.0,8,20302942132.0,274066554.0
1972,S1,321,coal_coke_briquettes,JPN,M,20583964672.0,8,20583964672.0,354145280.0
1973,S1,321,coal_coke_briquettes,AUS,X,25269731000.0,8,25269731000.0,407406578.0
1973,S1,321,coal_coke_briquettes,JPN,M,24954918000.0,8,24954918000.0,504876549.0
1974,S1,321,coal_coke_briquettes,AUS,X,23292499000.0,8,23292499000.0,551931683.0
1974,S1,321,coal_coke_briquettes,JPN,M,23118713000.0,8,23118713000.0,715319404.0
1975,S1,321,coal_coke_briquettes,AUS,X,23120559000.0,8,23120559000.0,871009816.0
1975,S1,321,coal_coke_briquettes,JPN,M,23137948000.0,8,23137948000.0,923053960.0
1976,S1,321,coal_coke_briquettes,AUS,X,25170943000.0,8,25170943000.0,1159131802.0
1976,S1,321,coal_coke_briquettes,JPN,M,26379806720.0,8,26379806720.0,1375577088.0
1977,S1,321,coal_coke_briquettes,AUS,X,26690186000.0,8,26690186000.0,1198149185.0
1977,S1,321,coal_coke_briquettes,JPN,M,26534952960.0,8,26534952960.0,1386791168.0
1978,S1,321,coal_coke_briquettes,AUS,X,25310011125.0,8,25310011125.0,1217719853.0
1978,S1,321,coal_coke_briquettes,JPN,M,25224628224.0,8,25224628224.0,1423554304.0
1979,S1,321,coal_coke_briquettes,AUS,X,27253329994.0,8,27253329994.0,1285749419.0
1979,S1,321,coal_coke_briquettes,JPN,M,27082954752.0,8,27082954752.0,1516668032.0
1980,S1,321,coal_coke_briquettes,AUS,X,29408526336.0,8,29408526336.0,1378441856.0
1980,S1,321,coal_coke_briquettes,JPN,M,29369606144.0,8,29369606144.0,1730561280.0
1966,S1,341,gas_natural_manufactured,AUS,X,0.0,-1,,151856.0
1966,S1,341,gas_natural_manufactured,JPN,M,3858000.0,8,3858000.0,186853.0
1967,S1,341,gas_natural_manufactured,AUS,X,304812.0,8,304812.0,9072.0
1967,S1,341,gas_natural_manufactured,JPN,M,251000.0,8,251000.0,7214.0
1968,S1,341,gas_natural_manufactured,JPN,M,488000.0,8,488000.0,17912.0
1970,S1,341,gas_natural_manufactured,AUS,X,143699937.0,8,143699937.0,2386480.0
1970,S1,341,gas_natural_manufactured,JPN,M,123601000.0,8,123601000.0,3312662.0
1971,S1,341,gas_natural_manufactured,AUS,X,435788312.0,8,435788312.0,6555894.0
1971,S1,341,gas_natural_manufactured,JPN,M,447686016.0,8,447686016.0,10920603.0
1972,S1,341,gas_natural_manufactured,AUS,X,684761750.0,8,684761750.0,12042763.0
1972,S1,341,gas_natural_manufactured,JPN,M,706006016.0,8,706006016.0,19579768.0
1973,S1,341,gas_natural_manufactured,AUS,X,1021040500.0,8,1021040500.0,24359071.0
1973,S1,341,gas_natural_manufactured,JPN,M,976619000.0,8,976619000.0,32942333.0
1974,S1,341,gas_natural_manufactured,AUS,X,962345000.0,8,962345000.0,89880036.0
1974,S1,341,gas_natural_manufactured,JPN,M,960619000.0,8,960619000.0,99536156.0
1975,S1,341,gas_natural_manufactured,AUS,X,553276562.0,8,553276562.0,63089377.0
1975,S1,341,gas_natural_manufactured,JPN,M,1129523000.0,8,1129523000.0,147667102.0
1976,S1,341,gas_natural_manufactured,JPN,M,1089799936.0,8,1089799936.0,147565408.0
1977,S1,341,gas_natural_manufactured,JPN,M,1222800000.0,8,1222800000.0,169632656.0
1978,S1,341,gas_natural_manufactured,JPN,M,1573171968.0,8,1573171968.0,224265328.0
1979,S1,341,gas_natural_manufactured,JPN,M,1402588032.0,8,1402588032.0,246601648.0
1980,S1,341,gas_natural_manufactured,JPN,M,1169316992.0,8,1169316992.0,378144736.0
1962,S1,281,iron_ore_concentrates,JPN,M,135739008.0,8,135739008.0,1235126.0
1963,S1,281,iron_ore_concentrates,AUS,X,0.0,-1,,657014.0
1963,S1,281,iron_ore_concentrates,JPN,M,179728992.0,8,179728992.0,1292811.0
1964,S1,281,iron_ore_concentrates,AUS,X,0.0,-1,,436425.0
1964,S1,281,iron_ore_concentrates,JPN,M,101539000.0,8,101539000.0,902390.0
1965,S1,281,iron_ore_concentrates,AUS,X,0.0,-1,,1702437.0
1965,S1,281,iron_ore_concentrates,JPN,M,230912000.0,8,230912000.0,2992866.0
1966,S1,281,iron_ore_concentrates,AUS,X,1803479296.0,8,1803479296.0,16416703.0
1966,S1,281,iron_ore_concentrates,JPN,M,2043490944.0,8,2043490944.0,24727784.0
1967,S1,281,iron_ore_concentrates,AUS,X,8319563375.0,8,8319563375.0,76567138.0
1967,S1,281,iron_ore_concentrates,JPN,M,8313833000.0,8,8313833000.0,97710121.0
1968,S1,281,iron_ore_concentrates,AUS,X,13858531500.0,8,13858531500.0,134184927.0
1968,S1,281,iron_ore_concentrates,JPN,M,13813940000.0,8,13813940000.0,163870277.0
1969,S1,281,iron_ore_concentrates,AUS,X,23247156058.0,8,23247156058.0,225139898.0
1969,S1,281,iron_ore_concentrates,JPN,M,23234523136.0,8,23234523136.0,273473088.0
1970,S1,281,iron_ore_concentrates,AUS,X,36140031933.0,8,36140031933.0,324216637.0
1970,S1,281,iron_ore_concentrates,JPN,M,36596953088.0,8,36596953088.0,421657440.0
1971,S1,281,iron_ore_concentrates,AUS,X,46446076937.0,8,46446076937.0,398255283.0
1971,S1,281,iron_ore_concentrates,JPN,M,46287396864.0,8,46287396864.0,515594304.0
1972,S1,281,iron_ore_concentrates,AUS,X,46612797187.0,8,46612797187.0,407272463.0
1972,S1,281,iron_ore_concentrates,JPN,M,48294756352.0,8,48294756352.0,536370144.0
1973,S1,281,iron_ore_concentrates,AUS,X,62607245000.0,8,62607245000.0,574295783.0
1973,S1,281,iron_ore_concentrates,JPN,M,64238641000.0,8,64238641000.0,779391718.0
1974,S1,281,iron_ore_concentrates,AUS,X,65943037000.0,8,65943037000.0,685141216.0
1974,S1,281,iron_ore_concentrates,JPN,M,67880987000.0,8,67880987000.0,974735391.0
1975,S1,281,iron_ore_concentrates,AUS,X,61638941000.0,8,61638941000.0,754094481.0
1975,S1,281,iron_ore_concentrates,JPN,M,63253080000.0,8,63253080000.0,1001877606.0
1976,S1,281,iron_ore_concentrates,AUS,X,62645902000.0,8,62645902000.0,784044120.0
1976,S1,281,iron_ore_concentrates,JPN,M,64094314496.0,8,64094314496.0,1068464064.0
1977,S1,281,iron_ore_concentrates,AUS,X,62085534000.0,8,62085534000.0,846160072.0
1977,S1,281,iron_ore_concentrates,JPN,M,63103365120.0,8,63103365120.0,1151899648.0
1978,S1,281,iron_ore_concentrates,AUS,X,51977040000.0,8,51977040000.0,774031549.0
1978,S1,281,iron_ore_concentrates,JPN,M,52626268160.0,8,52626268160.0,1065679168.0
1979,S1,281,iron_ore_concentrates,AUS,X,54519718000.0,8,54519718000.0,834769607.0
1979,S1,281,iron_ore_concentrates,JPN,M,55297478656.0,8,55297478656.0,1168739712.0
